source,chapter,page,tags,question,a,b,c,d ,answer,display
Appendix,16,813,"Science, Chemistry",Explain how an ionic bond works.,When one atom completely captures the electrons of another to create a bond.,When two ions from similar atoms hit each other at very high speeds.,When two atoms of positive charge split.,When two similar atoms share electrons to create a bond.,A,true 
Appendix,16,817,"Science, Phases",Explain why food molecules cannot change phases.,food molecules are different than non-food molecules,"food molecules are so large, and form many weak bonds between molecules that they are held strongly -> takes as much energy to break them apart as it does to break molecules themselves apart",food molecules can only exist in one phase,food molecules can only change phase from solid to liquid,B,true 
Appendix,16,818,"Science, Phases",Infer which transition/definition is correct for the following phase: Gel.,Individual ions are dispersed into a liquid.,Substance is dispersed into liquid in clusters consisting of molecules.,Dispersion of gas bubbles in a liquid or solid.,"Dispersion of water into a solid, sponge-like, form.",D,true 
Appendix,16,813,"Science, Chemistry",Explain a covalent bond.,When two or more atoms bond together.,"Encounters among atoms and molecules that result in the loss, gain, or sharing of electrons.","The result when an atom completely captures one or more electrons of another atom, and then two atoms experience an attractive force due to their opposite electrical charges.","When atoms share electrons, and thereby form stable combinations called molecules.",D,true 
Appendix,16,815,"Science, Energy",Select the activity that is classified as kinetic energy.,vibrate,boil,burn,osmosis,A,true 
Appendix,16,817,"Science, Molecules, Phases",Explain why not all molecules cooks work with will change phases.,They all will change phases with enough energy inserted.,Some molecules are very small and will not change,Some molecules can not receive enough energy to go through the change.,Some molecules are large and strong and will transform but not change phase,D,true 
Appendix,16,815,"Science, Energy",Compare heat and temperature and the way they interact.,Temperature is the measure of heat and is used to transform matter.,Temperature and heat are both a measure of either Fahrenheit or Celsius.,Heat is the measure of energy and temperature is a manifestation of a materials energy.,"Heat is a manifestation of a material's energy, and temperature is a measure of that energy.",D.,true 
Appendix,16,817,"Science, Phases",Explain what sublimation is.,Sublimation is the process of matter transforming into different phases,Sublimation is the process of liquids transforming into a solid,Sublimation is the direct transformation of a gas into a solid,Sublimation is the direct transformation of a solid into a gas,D,true 
Appendix,16,813,"Science, Chemistry",Select the kind of chemical bond in which one in which one atom completely captures the electron(s) of another.,Covalent,Ionic,Hydrogen,Atomic,B,true 
Appendix,16,815,"Science, Energy",Explain the process and ideas behind temperature.,The amount of energy released from participating atoms when forming a bond.,A physical system that makes change possible.,The flickering electrical attraction that even non-polar molecules can feel.,"A measurement of heat, or the amount of molecular movement in something.",D,true 
Appendix,16,816,"Science, Phases",Select the states of matters.,"Oil, water, and proteins.","Water, gas, oil, and solid.","Solid, liquid, and gas.","Liquid, gases, and foam.",C,true 
Appendix,16,816,"Science, Phases",Which of the following is not a phase?,Solid,Liquid,Gel,Gas,C,true 
Appendix,16,818,"Science, Chemistry",Select the following statement about chemistry primer which is NOT true.,A solution is a material in which individual ions or molecules are dispersed in a liquid.,A suspension is a material in which a substance is dispersed in a liquid in cluster or particles consisting of many molecules.,"An emulsion is a kind of suspension, one in which the dispersed substance is a liquid that can mix evenly with the containing liquid.",A foam is a dispersion of gas bubbles in a liquid or solid.,C,true 
Appendix,16,817,"Science, Phases",Explain the difference between the molecular structure of liquid vs. gas.,The molecules in liquid are spread further a part.,The molecules in gases are spread further a part.,The molecules in liquids more slower than in gases.,Both B and C,D,true 
Appendix,16,814,"Science, Chemistry",Explain what makes a strong bond of molecules.,When two atoms have roughly similar affinities and share electrons rather than losing or gaining them.,When two atoms have different affinities and the electrons differ,When two atoms share negative electrons,When two atoms are clones of one another,A,true 
Appendix,16,817,"Science, Phases",Explain the differences between solids and gases.,"Solids are immobilized neurons and protons that are tight to each other in well definded structures, while gases are molecules that separate and move freely in the air.","Solids are immobilized atoms and molecules that are tight to each other in well-definded structures, while gases are molecules that separate and move freely in the air.","Solids are closely packed together molecules, while gases are molecules leaving a fixed structure","Solids are closely packed together molecules, while gases are molecules that remain in a fixed structure.",B,true 
Appendix,16,818,"Science, Phases",Select which mixture in the kitchen is the dispersion of gas bubbles in a liquid or solid.,Emulsion,Gel,Substance,Foam,D,true 
Appendix,16,817,"Science, Phases",Select the three different phases or appearance of matter.,"Crystals, Air, Dust","Cream, Liquids, Gels","Solids, Liquids, Gases",Not sure,C,true 
Appendix,16,818,Science,Compare a solution and a suspension.,"A solution occurs when something is dissolved in water, while a suspension occurs when something is dissolved in anything else.","A solution occurs when two liquids are mixed together, while a suspension occurs when a solid ingredient in mixed into (""suspended in"") a liquid ingredient.","A solution occurs when individual molecules are dispersed into a liquid, while a suspension occurs when a substance is disperse in a liquid in particles containing many molecules.","A solution occurs when water is dispersed in a solid ingredient, while a suspension occurs when gas is dispersed in a solid ingredient.",C,true 
Appendix,16,812,"Science, Chemistry",Chemical reactions can be explained as: ,"When two or more atoms bond together by sharing electrons, they form a chemical reaction.",The rearrangement of an atoms protons and neutrons in it's nucleus due to an electrical pull.,"The resulting loss, gain, or sharing of electrons among atoms and molecules when they encounter one another.",The interaction between atoms or molecules that bond them together either very loosely or tightly.,C,true 
Appendix,16,813,"Science, Chemistry",Explain what oxidation refers to.,It simply means the presence of oxygen in the atmosphere.,"It is a chemical activity of ""grabbing"" protons from other atoms.","It is a chemical activity of ""grabbing"" electrons from other atoms.",Making other molecules oxide themselves.,C,true 
Appendix,16,813,"Science, Energy",Select the best answer about energy.,energy is not that property of physical systems that makes possible change,one kind of energy  is the energy of motion,The moon is a source of earths energy,Plants do not produce energy,B,true 
Appendix,16,813,"Science, Chemistry",Order chemical bonds from weakest to strongest.,"Hydrogen, Ionic, Covalent, Van der Waals","Van der Waals, Hydrogen, Ionic, Covalent","Ionic, Van der Waals, Covalent, Hydrogen","Covalent, Hydrogen, Van der Waals, Ionic",B,true 
Appendix,16,817,"Science, Phases",Explain the differences between solution and foam.,"Solution disperses ions into a liquid, foam disperses gas.","Solution disperses ions into a solid form, foam disperses into liquid.","Solution disperses into gas, foam disperses into liquid.",Solutions and foam don't disperse into anything.,A,true 
Appendix,16,818,"Science, Water",Identify which mixture in the kitchen is a dispersion of water in a solid?,Gel,Solution,Suspension,Foam,A,true 
Appendix,16,812,"Science, Chemistry",Explain the process of oxidation.,Oxidation occurs when other atoms grab electrons from oxygen.,Oxidation occurs when oxygen grabs electrons from other atoms.,Oxidation occurs when two oxygen atoms share electrons.,Oxidation occurs when oxygen electrons duplicate,B,true 
Appendix,16,818,"Science, Phases",Explain what happens when there is a suspension,Individual molecules are dispersed in a liquid,Molecules of the solid form are trapped,Substance is dispersed consisting of molecules,Gas bubbles disperses in a liquid of solid,C,true 
Appendix,16,817,"Science, Phases",Which are the three phases of matter?,"Solids, Liquids, Gases","Air, Water, Fire","Trees, Rocks, Water","Steam, Ice, Water",A,true 
Appendix,16,811,"Science, Chemistry",What are atoms made up of?,"Electrons, protons, and neutrons","Quark, Nucleus, and electrons","Nucleus, protons, and quark","Neutrons, nucleus, and electrons",A,true 
Appendix,16,815,"Science, Chemistry","Please select which word is the ""key behavior"" of a chemical bond.",Force,Space,Energy,Crystallization,C,true 
Appendix,16,818,"Science, Phases",Select the best definition for an emulsion.,A material in which a substance is dispersed in a liquid in clusters or particles consisting of many molecules.,A suspension in which the dispersed substance is a liquid that can't mix evenly with the containing liquid.,A dispersion of water in a solid.,A dispersion of gas bubbles in a liquid or solid.,B,true 
Appendix,16,813,"Science, Chemistry",Order the following chemical bonds from weakest to strongest:,"Hydrogen, van der Waals, covalent, Ionic","Ionic, covalent, Hydrogen, van der Waals","van der Waals, Hydrogen, covalent, Ionic","covalent, Ionic, van der Waals, Hydrogen",C,true 
Appendix,16,812,Science,Explain the structure of carbon.,Six protons and neutrons in its nucleus + six electrons orbiting around the nucleus.,Six protons and neutrons in its nucleus + four electrons orbiting around the nucleus.,four protons and neutrons in its nucleus + six electrons orbiting around the nucleus.,Four protons and neutrons in its nucleus + five electrons orbiting around the nucleus.,A,true 
Appendix,16,814,"Science, Chemistry",Select the chemical bond type for strong bonds that make molecules.,Hydrogen bond.,van der Waals bond.,Covalent bond.,Ionic bond.,C,true 
Appendix,16,805,"Science, Proteins",Choose the correct statement.,Amino acids have little to no variety in terms of chemical nature.,Starch is the least important polysaccharide.,Glycogen is a human carbohydrate.,Proteins are ever changing in terms of stability and thus the most mercurial of major food molecules.,D,true 
Appendix,16,813,"Science, Chemistry",Select the basis for the chemical bond?,Proton hunger,Electron hunger,Proton saturation,Electron saturation,B,true 
Appendix,16,817,"Science, Phases",How can we explain the liquid phase to gas phase?,We transform liquid water into bubbles of water vapor,We transform liquid water into bubbles,Molecules don_验t move with Kinetic Energy,Phase will change when heated,A,true 
Appendix,16,811,Science,As explained in McGee the word atom means ______.,Smallest one,Uncuttable,Adam,Only one,B,true 
Appendix,16,814,Science,Select the six elements most important to life on earth.,"Hydrogen, oxygen, carbon, nitrogen, phosphorus, sulfur","Mercury, led, nitrogen, hydrogen, oxygen, sulfur","Magnesium, aluminum, carbon, sulfur, uranium, hydrogen","Zinc, carbon, boron, oxygen, hydrogen, sulfur",A,true 
Appendix,16,811,Science,Explain the difference between an atom and an ion.,an atom is the smallest particle of matter while ions are the largest,"an atom is not electrically charged, but an ion is an electrically charged atom","atoms form every substance, but ions only form electrically charged substances","an atom can be created, but an ion cannot",B,true 
Appendix,16,816,Science,Order the states of matter from highly closely bonded atoms to loosely bonded atoms.,"Crystalline Solid, Glassy Solid, Liquid, Gas","Glassy Solid, Crystalline Solid, Gas, Liquid","Gas, Liquid, Crystalline Solid, Glassy Solid","Liquid, Gas, Glassy Solid, Crystalline Solid",A,true 
Appendix,16,812,Science,Explain what a chemical reaction is.,"Encounters among atoms and molecules that result in the loss, gain, or sharing of electrons, and thus changes in the properties of the atoms and molecules involved.","Encounters among atoms and molecules that result in the transformation of protons into electrons, and thus changes in the properties of the atoms and molecules involved.","Encounters among atoms and molecules that result in the loss, gain, or sharing of neutrons, and thus changes in the properties of the atoms and molecules involved.","Encounters among atoms and molecules that result in the transformation of electrons into protons, and thus changes in the properties of the atoms and molecules involved.",A,true 
Appendix,16,815,Science,In order for a bond to be considered strong what is a key characteristic?,The bond will have more energy than a weak bond,The bond will have less energy than a weak bond,The bond will have the same amount energy as a weak bond,The bond will have zero energy compared to any other bond,B,true 
Appendix,16,812,Science,Select which statement is FALSE about protons and electrons?,Opposite electrical charges attract each other,Stable forms of the elements are electrically neutral,Protons carry a negative electrical charge while electrons have a positive charge.,Protons in the central nucleus attract a cloud of electrons that orbit constantly at various distances around the nucleus.,C,true 
Appendix,16,813,Science,Explain salt's chemical makeup as an ionic bond.,Salt is only sodium,Salt is a compound of sodium and chlorine held together with ionic bonds,"Salt is a compound of sodium, chlorine, and hydrogen held together with ionic bonds.",Salt is a compound of sodium and any other element usually held together with ionic bonds.,B,true 
Appendix,16,817,Science,"Explain what what causes ""Freezer Burn"".",When you put something cold on your skin for to long,Frozen water molecules releasing as gas,Letting foods thaw out.,Not allowing foods to freeze long enough.,B,true 
Appendix,16,816,Science,Explain why the temperature of a pot of boiling water on high flame remains constant at the boiling point.,All the liquid water becomes steam before it gets hotter.,The water temperature stays the same when the flame level is constant.,Both A and B,All of the above.,A,true 
Appendix,16,816,Science,Select the correct response for The Phases of Matter for the transition to the liquid phase.,Temperature at which a material melts_研changes from solid to gas,Temperature at which a material melts_研 changes from solid to a liquid,Temperature at which a material boils_研 changes from a solid to liquid,Temperature at which a material boils_研 changes from a liquid to a gas,B,true 
Appendix,16,816,Science,Select the 3 stages of matter?,"Hard, Solid, Liquid","Liquid, Gas, Hard","Gas, liquid, Solid","Soft, Solid, Gas",C,true 
Appendix,16,817,Science,Select the 3 phases of matter,"suspension, gel, foam","liquid, solid, gas","solution, emulsion, foam","gel, solution, emulsion",B,true 
Appendix,16,818,Science,"Due to the structure of bread, you can infer that is is what type of mixture?",Solution,Suspension,Foam,Solid,C,true 
Appendix,16,817,Science,Explain the difference between molecules in a solid vs molecules in a gas,Molecules in a solid spread out where molecules in a gas are compacted,Molecules in a solid are constantly moving where molecules in a gas are motionless,"Molecules in a solid are closely packed, well-defined structures where molecules in a gas break away and move freely",Molecules in both solids and gases move freely and spread out,C,true 
Appendix,16,815,Science,Explain why energy is fundamentally important in cooking:,Energy is responsible for physical changes and allows food to change its molecular structure.,Energy allows for chemical bonds to be broken.,"Energy allows food to be heated to the proper temperature, killing potentially harmful pathogens and bacteria.",Energy causes motion.,A,true 
Appendix,16,811,Science,Select the answer that best completes this statement: A(n) _______ is the smallest particle into which an element can be subdivided without losing its characteristic properties.,Electron,Neutron,Proton,Atom,D,true 
Appendix,16,818,Science,What is an emulsion?,a material in which individual ions or molecules are dispersed in a liquid,"a special kind of suspension, in which the dispersed substance is a liquid that cant mix evenly with the containing liquid",a dispersion of gas bubbles in a liquid or solid,a material in which a substance is dispersed in a liquid in clusters or particles consisting of many molecules,B,true 
Appendix,16,816,Science,How many matter phases are there?,2,5,4,1,C,true 
Appendix,16,792,Measurement,Please Identify the Four Basic Food Molecules.,"Water, Fats, Carbohydrates, Proteins","Water, Oils, Proteins, Starches","H20, Carbohydrates, Vegetation, Water","Sugars, Fats, Oils, Fruits",A,true 
Chapter 1,1,15,"Milk, Nutrition",Define two nutritional characteristics that is especially valued in milk.,Calcium and water,Calcium and protein,Protein and water,Lactose and protein,B,true 
Chapter 1,1,10,Milk,List what substances are produced from milk left to stand.,"Mold, Milk, Walk","Blue Cheese, Water, Milk","Curds, Yogurt, Butter","Milk, Butter, Mold",C,true 
Chapter 1,1,14,"Milk, Nutrition",Describe lactose intolerance.,human are allergic to milk,"lactase- lactose digesting enzyme, level decreases after birth",white blood cells in milk cannot be consumed by humans,the pathogens in milk causes lactose intolerance,B,true 
Chapter 1,1,15,"Milk, Nutrition",Describe the main influences on Bone Health.,Getting plenty of sleep and sunshine.,Intake of calcium and physical activity.,Doing mental exercises to increase brain activity.,Avoiding overly rich deserts and switching to gluten free foods.,B,true 
Chapter 1,1,13,"Milk, Nutrition, Food Science",Describe lactose:,The bacteria found in milk before the pasteurization process.,One of the main properties of milk the body turns into calcium as it is digested.,Sugar found in milk that most adult humans are unable to digest.,A trace mineral found in milk that is especially beneficial to infants.,C,true 
Chapter 1,1,10,"Milk, Nutrition",Describe how Yak milk is different from Cow milk.,Yak milk is richer in fat and protein than cow milk.,Yak milk is poorer in fat and protein than cow milk.,Yak milk is richer in vitamins and protein than cow milk.,Yak milk is lower in vitamins and protein than cow milk.,A,true 
Chapter 1,1,13,"Milk, Nutrition",Identify why cow's milk is not the best option for infants.,Balance of nutrients in cow's milk doesn't meet the needs of human infants.,Not worth the risk of exposing infants to milk from other sources than mother.,Connection between mother and infant would not be established.,The level of saturated fat is to high for the infant to consume.,A,true 
Chapter 1,1,9,Milk,Describe the key to the rise of ruminants?,The evolved ability to survive on dry grass.,"Their highly specialized, multichamber stomach.",The shift towards warmer climate.,The increased growth of non fibrous foods.,B,true 
Chapter 1,1,14,Milk,Describe why do physicians recommend that plain cow_验s milk not be fed to children less than 1 year of age.,Increases the potential for diseases at a young age,Early use of cow milk can trigger an allergy at a young age,Plain cow_验s milk does not provide sufficient nutrients at a young age,The milk sugar lactose causes digestive issues at a young age,B,true 
Chapter 1,1,9,Milk,Please list three types of dairy animals from around the world that contributes significantly to the world's milk supply.,"cats, cows, and pigs","camels, yaks, and goats","buffalo, goats, and dogs","cows, birds, camels",B,true 
Chapter 1,1,4,Food Science,Name the four kinds of molecules that foods are mostly built out of.,"Water, oils, carbohydrates, and calories","Water, proteins, sugars, and fats","Water, proteins, carbohydrates, and fats","Water, meat, carbohydrates, and shortening",C,true 
Chapter 1,1,15,"Milk, Nutrition",Identify the condition that causes bones to fracture if the body doesn't receive enough calcium.,Lactose Intolerance,Scaffolding,Osteoporosis,Neutralizing,C,true 
Chapter 1,1,10,Milk,Whose milk is richer in protein than the buffalo?,The Camel,The Goat,The Sheep,The Yak,C,true 
Chapter 1,1,13,"Milk, Nutrition",Identify one of following which is not milk nutrients that benefits human beings.,Protein,Lactose,Saturated Fat,Minerals,C,true 
Chapter 1,1,13,"Milk, Nutrition",How much more proteins and nutrients do cow's milk contain vs. mother's milk?,Three times,One time,Two times,Four times,C,true 
Chapter 1,1,14,"Milk, Nutrition",When was cow's milk introduced as an appropriate substitute for mother's milk?,~77 A.D.,The late 1400's.,As far back as we can remember.,The middle of the 20th century.,D,true 
Chapter 1,1,14,"Milk, Nutrition","Sara recently turned 18. She hasn't had a glass of milk since the age of five. Sara friends thought it was strange and dared her to drink two glasses of milk. The next day, Sara felt bloated and had diarrhea. What term will define why Sara is experience discomfort?",Frutose Intolerant,Lactose Intolerant,Mlik Allergy,Osteoporosis,B,true 
Chapter 1,1,13,"Milk, Nutrition",Describe what humans have learned over time that has shaded the idealized portrait of milk.,Milk manufacturers constantly abuse cows in order to make milk.,Cows' milk does not meet the need of human infants and most adults cannot digest the milk sugar called lactose.,There aren't enough vitamins in milk to make stronger bones,None of these  are correct,B,true 
Chapter 1,1,14,"Milk, Nutrition",Describe why lactose intolerance is so prevalent in humans.,The mass homogenization of milk production has led to added chemicals for preservation purposes that human bodies do not tolerate well.,The amount of digestive enzymes in the human body that can break down lactose starts to decline at about two years of age.,"More people are developing milk allergies due to being given cow's milk as infants which their digestive systems were not yet formed enough to break down, allowing certain proteins to enter the blood.",Human bodies originally only tolerated human milk and have to try and adapt/compensate for the differences in cow's milk.,B,true 
Chapter 1,1,12,"Milk, Food Science",Describe the process of pasteurization as it relates to dairy products in modern dairy farming.,The process of super-cooling dairy in order to destroy unsafe pathogens.,A pathogen killing heat treatment which renders dairy safer for consumers.,The practice of mass producing dairy derived from pasture raised ruminants.,The removal of delicate and flavorful milk fat from dairy to produce a uniform product.,B,true 
Chapter 1,1,9,"Milk, History",When did the Arabs bring buffalo to the Middle East?,Around 700 BC,Exactly in 1121,Around 700 CE,Around 200 CE,C,true 
Chapter 1,1,12,"Milk, Food Science",Define pasteurization.,The use of microbial cultures in cheese production,Tainted milk production due to inadequate cattle feeding,The process of removing or separating milk fat from milk,Heat treatment that kills pathogens in dairy products,D,true 
Chapter 1,1,9,"Milk, History",Identify the region in Italy where true mozzarella comes from.,Abruzzo,Calabria,Campagna,Lazio,C,true 
Chapter 1,1,9,Milk,"What animal is not included in the section on ""Dairy Animals of the World""?",Buffalo,Sheep,llama,Camel,C,true 
Chapter 1,1,11,"Milk, History",Identify which major region of the Old World did not embrace dairying.,Germany,Portugal,China,North Africa,C,true 
Chapter 1,1,9,Milk,Name an animal that is not considered to be a ruminant.,Deer,Goats,Horses,Sheep,C,true 
Chapter 1,1,13,"Milk, Nutrition",Identify which order is from least to greatest amount of lactose.,"Buffalo, Yak, Goat, Cow","Goat, Cow, Yak, Buffalo","Goat, Yak, Cow, Buffalo","Yak, Cow, Buffalo, Goat",C,true 
Chapter 1,1,10,"Milk, History",Farmers discovered in ancient times that dairying animals provided:,The nutritional equivalent of one years worth of meat spread out over several years.,The ability for the animal to gain weight before slaughter.,Farmers a hobby to do in their spare time.,One year supply of milk,A,true 
Chapter 1,1,15,"Milk, Nutrition","According to the readings, milk is valued for two nutritional reasons. They are:",High in calcium and protein,High in calcium and vitamin a,High in protein and vitamin a,High in vitamin a and d,A,true 
Chapter 1,1,4,Food Science,Define the qualities that we aim to influence in the kitchen.,"Taste, Aroma, Texture, Color, Nutritiousness",Smell and Flavor,Caloric intake,The food pyramid,A,true 
Chapter 1,1,13,"Milk, Nutrition",Identify which land mammal has the highest concentration of fat in their milk.,Human,Buffalo,Sheep,Cow,C,true 
Chapter 1,1,4,"Milk, Food Science",List the four kind of molecules that food is mostly made of.,"Water, Vitamin C, Carbohydrates, and Fats.","Water, Proteins, Carbohydrates, and Fats.","Vitamin B1, Proteins, Carbohydrates, and Glucose.","Lactose, Proteins, Carbohydrates, and Glucose.",B,true 
Chapter 1,1,2,"Milk, History",Who was one of the driving forces behind the food science movement who also organized the first International Workshop on Molecular and Physical Gastronomy?,Nicholas Kurti,Julia Child,Madeleine Kamman,Herve This,A,true 
Chapter 1,1,15,"Milk, Nutrition",Identify the correlation between calcium and bone construction.,The amount of calcium available to us is dependent on how much our urine excretes.,Neutralizing calcium bones deteriorate when a diet consists of high salt intake.,Bones are created from two primary materials: proteins and calcium phosphate.,Healthy bone construction is dependent on calcium levels in the body as well as absorption of calcium.,D,true 
Chapter 1,1,9,Milk,Describe what allows ruminants to process dried grass for food?,A special enzyme they produce,Specialized breeding by humans,"A highly specialized, multi-chamber stomach",Dried grass is nutritious and many animals survive on it,C,true 
Chapter 1,1,12,"Milk, Food Science",Define pasteurization.,Purified microbial cultures to make cheeses and other fermented foods,A step to complete pastries,The process of how cows eat,"Process of supplying milk to factories for mass production of cream, butter, and cheese",A,true 
Chapter 1,1,12,"Milk, History",Describe two milk innovations of the 19th Century.,Standard purified microbial cultures and mass milk production,Pasteurization and ghee,Pasteurization and standard purified microbial cultures,Pasteurization and mass milk production,C,true 
Chapter 1,1,9,Milk,List the species of animals that contribute to the world's milk supply most.,"Yak, Cow, Goat, Horse, Goat","Cow, Buffalo, Yak, Goat, Sheep, Camel","Buffalo, Cow, Reindeer, Yak, Goat, Sheep","Cow, Fin whale, Yak, Buffalo, Sheep",B,true 
Chapter 1,1,10,Milk,Describe what happens to milk if it is left out to stand.,"Fat-enriched cream naturally forms at the top, and if agitated, the cream becomes butter.",The milk goes sour and needs to be thrown away.,Mold start to form.,The milk separates and the protein in milk floats to the top.,A,true 
Chapter 1,1,10,Milk,"When milk is left standing, what happens?",The milk becomes sour and is unable to drank,Enriched cream forms and if agitated it becomes butter,An acid forms which breaks the lactose making it lactose free.,It becomes fermented and is becomes slightly alcoholic.,B,true 
Chapter 1,1,11,"Milk, History",What country did not embrace dairying in the old world?,France,Rome,China,Egypt,C,true 
Chapter 1,1,14,"Milk, Nutrition",Which countries have the highest lactose intolerance?,France & Germany,"Norway, Sweden, & Denmark","China, Japan, Thailand",Italy & Greece,B,true 
Chapter 1,1,9,Milk,Describe ruminants.,"Cows, ewe, and yaks that are omnivores and lactate occasionally","Cattle, sheep, and goats that have simple, one-chambered stomachs","Cattle, sheep, and goats that can survive on grass and produce milk",Animals that are mammals,C,true 
Chapter 1,1,15,"Milk, Nutrition",Tell which two nutritional characteristics milk has been valued for.,"Calcium, and its protein.","Water, and its protein.","Lactose, and Fat.","Calcium, and Minerals.",A,true 
Chapter 1,1,14,Milk,Identify how much milk can a lactose-less adult consume per day without experiencing severe symptoms of lactose intolerance?,1 cup,1/2 cup,2 cups,3 cups,A,true 
Chapter 1,1,11,"Milk, History",Identify one of the major causes of child mortality in Victorian Times?,Pasteurization had yet to be introduced to dairy,Tainted Milk from open containers during transportation,The small intestine wasn't able to break down lactose sugars,Children were consuming too much milk at a young age,B,true 
Chapter 1,1,15,"Milk, Nutrition",What are the two nutritional characteristics in milk,Calcium and Protein,Protein and Lactose,Calcium and Lactose,Protein and Sugar,A,true 
Chapter 1,1,13,"Milk, Nutrition","Please describe the correct answer: What is made up of fat,  protein, lactose, minerals, water?",yogurt,cheese,milk,coffee creamer,C,true 
Chapter 1,1,13,Milk,Identify which animals milk contains the most fat.,Human,Horse,Reindeer,Fin Whale,D,true 
Chapter 1,1,14,Milk,Why are most adults lactose intolerant?,"as humans age the lactose-digesting enzyme, lactase, declines",all humans are born lactose intolerant,"as humans age the lactose-digesting enzyme, lactase, increases too much",most adults are not lactose intolerant,A,true 
Chapter 1,1,16,Milk,Identify the optimum sequence for milk production.,"Breed the cow 90 days after it calves, milk it for 10 months and let it go dry for the next 2 months before calving again.",Cows who calve should not be producing milk.,"Breed the cow 30 days after it calves, milk it for 5 months and let it go dry for the next 1 month before calving again.",The only requirement is that you milk the cow two weeks post-calve.,A,true 
Chapter 1,1,13,Milk,Identify which of the following body building nutrients milk does not contain.,Sugars & Fats,Calcium,Vitamin A,Vitamin C,D,true 
Chapter 10,10,556,"Baking, Lipids",Differentiate between hydrogenated shortening and butter.,Hydrogenated shortening has more flavor then butter,Bakers do not avoid hydrogenated shortening but do avoid butter,Hydrogenated shortening has a lower level of trans fatty acids butter,Butter has a lower level of trans fatty acids than hydrogenated shortening,D,true 
Chapter 10,10,555,"Baking, Cakes",Describe what two modern ingredient innovations that aided the most in transforming the cake-making process.,Genetically modified yeast for proper batter-rising AND artificial vanilla extract for taste.,Special shortenings infused with Nitrogen to create air pockets AND bleached flour to aid in absorbing water.,Organically grown eggs for taste AND curdled milk for texture.,Natural peanut oil for taste improvement AND oxygen-infused butter for easier mixing.,B,true 
Chapter 10,10,555,"Baking, Flour, Cakes",Describe the specialized cake flour,finely milled,bleached with chlorine gas or chlorine dioxide,low-protein,all of the above,D,true 
Chapter 10,10,559,Baking,"Interpret what is meant by this statement. ""In the last stage of baking we tested the doneness of the cake by putting a toothpick in it, once pulled out the toothpick had batter stuck to it"".",The cake was in its browning stage and is finished.,The cake was in its browning stage and was underdone.,The cake was in its expansion stage and needed further baking.,The cake was in its expansion stage and shouldn't have had batter stuck to it.,B,true 
Chapter 10,10,555,"Baking, Cakes","Summarize how a ""high ratio"" cake mix was made possible.",New shortening and double-acting baking powders allow sugar to outweigh the flour while maintaining the desired light and moist texture.,"High-protein flour was bleached, stabilizing gas cells during mixing and baking, allowing twice as much sugar while maintaining the desired light, moist, texture.","Unsaturated shortening allowed tiny nitrogen bubbles to form in the mixing process, allowing twice as much sugar while maintaining the desired light, moist, texture.","Special sugar treated with chlorine made it less dense, allowing the sugar to flour ratio to be much higher, while maintaining the desired texture.",A,true 
Chapter 10,10,558,"Baking, Cakes","In cake making, describe how the mixing step doesn_验t just combine the ingredients.","By incorporating air bubbles into the batter, and thereby strongly influencing the final texture of the cake.","By smoothing the batter, and thereby strongly influencing the final taste of the cake.","By incorporating air bubbles into the batter, and thereby strongly influencing the final taste of the cake.","By incorporating smoothing the batter, and thereby strongly influencing the final texture of the cake.",A,true 
Chapter 10,10,556,"Baking, Lipids, Cakes",Summarize which order is from least to greatest amount of fat.,"Pound Cake, Butter Cake, Biscuit, Chiffon","Biscuit, Butter Cake, Chiffon, Pound Cake","Butter Cake, Biscuit, Chiffon, Pound Cake","Butter Cake, Pound Cake, Biscuit, Chiffon",B,true 
Chapter 10,10,554,"Baking, Cakes",Describe a sign of incomplete mixing in a finished bread or muffin.,The surface contains small brown spots appear on the surface.,The surface appears flat and uneven.,"The surface produces a less tender, finer interior.",The surface has bubbles that trap gas underneath.,A,true 
Chapter 10,10,556,"Baking, Cakes",Describe the disadvantage of using hydrogenated vegetable shortenings for cakes.,Hydrogenated shortenings create fragile air bubble structures within the cake,Hydrogenated shortenings cause cakes to be denser,Hydrogenated shortenings contain high levels of trans fatty acids,Hydrogenated shortenings cannot transfer heat evenly throughout the cake,C,true 
Chapter 10,10,556,Baking,What variable differentiates hydrogenated vegetable shortening from butter in the opinion of some chefs?,Color,Texture,Fat Content,Flavor,D,true 
Chapter 10,10,559,"Baking, Cakes",Describe the second stage of cake baking.,"Egg proteins coagulate, and starch granules absorb water, swell, and gelate.",The batter rises to full volume. The gasses in the air cells expand.,Emulsifiers disperse the fat in droplets that won't deflate the gas cells.,"Batter solidification completes. Browning occurs, and the cake shrinks in size.",A,true 
Chapter 10,10,550,Baking,Differentiate a batter from a dough.,"A batter is a form, whereas a dough is a type of fluid.",Batters contain two or four times more water than doughs.,Doughs are mixed and cooked in a bowl to contain their form.,Doughs are meant to be delicate and tender.,B,true 
Chapter 10,10,558,"Baking, Heat Transfer, Cakes",Which one of the following are not associated with the stages of baking a cake?,Expansion,Rising,Browning,Setting,B,true 
Chapter 10,,556,"Baking, Lipids, Cakes",Distinguish which one of following statement of modified fats and flours is true.,"Hydrogenated vegetable shortenings and chlorinated flour are very useful, it has the flavor that butter does.","Cake bakers use high-protein pastry or cake flours to minimize the toughening that comes with gluten formation,",The moistening and tenderizing effects of fat can be imitated by some concentrated fruit purees.,Cake pans would not have influence on their contents by affecting the rate and distribution of heating.,C,true 
Chapter 10,10,556,"Baking, Carbohydrates, Cakes",Describe why sugar is incorporated into cake mixes.,Add flavor,Incorporate air into the mixture,Make cakes fluffy,A and B,B,true 
Chapter 10,10,558,"Baking, Cakes",Describe the expansion phase for baking cakes.,"First the batter shrinks to it proper size. As the batter temperature rises, the gases expand, and release carbon nitride.","First the batter expands to its full volume. As the batter temperature rises, the gases expand, and release carbon nitride.","First the batter shrinks to proper size. As the batter temperature rises, the gases expand, and release carbon dioxide.","First the batter expands to its full volume. As the batter temperature rises, the gases expand, and release carbon dioxide.",D,true 
Chapter 10,10,554,"Baking, Yeast, Cakes","Batter breads and muffins are similar, yet different. Please explain which statement below makes them different.","Batter breads are more moist and fat like quick breads. Whereas, muffins contain more sugar and eggs being more sweeter than quick breads","When making muffins, over mixing is actually good because it produces a tenderer and finer interior. Whereas, batter breads are leavened with baking powder, creating a less dense texture.","Batter breads are usually more moist and sweeter than quick breads. Muffins tends to contain less sugar, eggs, and fat than quick breads.","It is easier to put fruits and nuts in a batter bread, than it is with muffins.",C,true 
Chapter 10,10,554,"Baking, Cakes",Describe the difference between batter and muffins compared to quickbreads.,"Muffin batters usually contains less sugar, eggs, and fat than quickbreads.",Batter breads and muffins usually are a little more moist and sweet compared to quickbreads.,They isn't a difference between these breads/cakes,Both A and B,D,true 
Chapter 10,10,554,"Baking, pH",Describe why certain foods (such as blueberries or sunflower seeds) may turn disconcerting colors when added to bread and muffin batters.,They may be affected by an increase in pH due to alkaline pockets from either too much baking soda or insufficiently mixed batter.,They may begin to be broken down by the yeast in the batter if it has been left stagnant for too long.,The batter may have too many air pockets due to insufficient mixing. This extra air exposure will expedite the process of these solid ingredients going bad.,"There may not be enough sugar in the batter to help keep the solid ingredients' natural sugars from breaking down, leading to a change in color.",A,true 
Chapter 10,10,559,"Baking, Heat Transfer","Summarize why different cake pans (glass, metal, silicone, etc.) have a different effect on their contents during baking.",Different pans will affect the rate and distribution of heat during baking.,Cakes will expand to the size and shape of the chosen pan affecting it's final volume.,"Batter will cause different chemical reactions depending on the cake pan type, affecting final flavor.","When cake batter heats in a pan, gas bubbles rise and expand, the wrong pan type can constrict this process.",A,true 
Chapter 10,10,556,Baking,Describe what provides the most moisture in cake baking.,"Flour, because it is moist by nature","Eggs, because they are 75% water","Sugar, because sweetness adds moisture as well","Vegetable oil, because it is a liquid",B,true 
Chapter 10,10,550,Baking,Describe thin batter foods.,bitter,tender,rich,salty,B,true 
Chapter 10,10,554,"Baking, pH",Describe why blueberries in muffin batter turn green.,The uneven dispersion of fat can_验t protect much of the starch,Overmixing produces coarse tunnels in a less tender interior,Uneven dispersion of baking soda causes concentrated alkaline,Sugar and fat weaken the structure by interrupting starch network,C,true 
Chapter 10,10,558,Baking,What are the three stages of cake baking?,"rising, setting, cooling","expansion, setting, browning","expansion, rising, browning","rising, expansion, browning",B,true 
Chapter 10,10,559,Baking,Describe what the importance is of having a good pan for baking a cake.,It doesn't matter what pan you use.,The pan matters because of the batter volume of the cake.,The pan isn't important as long as the cake covers the entire pan.,The pan is important so the cake can cook the correct amount of time.,B,true 
Chapter 10,10,558,Baking,Identify the three stages of cake baking.,"expansion, setting, and browning","preparation, setting, and browning","preparation, gases formed, and coagulation","setting, coagulation, and browning",A,true 
Chapter 10,10,558,Baking,Describe the 3 stages of baking a cake.,"aeration, leavening, and expansion","expansion, setting, and browning","mixing, expansion, and coagulation","setting, expansion, and leavening",B,true 
Chapter 10,10,558,Baking,Describe what happens during the final stage of cake baking?,The risen batter is set into its permanent shape by oven heat,Batter solidification is complete,"The batter sets slowly, producing a heavy texture and upper surface skins",The batter expands to its full volume,B,true 
Chapter 10,10,557,"Baking, Lipids",___________ is the traditional cake fat.,Flour,Water,Sugar,Butter,D,true 
Chapter 10,10,9,"Baking, Lipids, Water, Molecules","Based on the reading, the author said what two substance cannot mix with water because of how different their chemical nature?",Cheese and milk,Fat and oil,Milk and fat,Oil and milk,B,true 
Chapter 10,10,556,"Baking, Lipids",Please describe why some bakers prefer butter over hydrogen shortening.,It is easier to mix.,Butter enhances cake aroma more than hydrogen shortening.,"They prefer the ""salty taste"".",Hydrogen shortening has less flavor than butter but also contains more trans fatty acids.,D,true 
Chapter 10,10,559,Baking,Describe one way to adapt a cake recipe that was meant to be cooked at sea-level for higher altitudes.,Reduce amount of liquid,Increase levels of sugar,Increase levels of fat,Increase amount of liquid,D,true 
Chapter 10,10,558,Baking,Summarize the process of baking cakes:,"Heating, expansion, setting","Expansion, setting, browning","Expansion, setting, cooling","Setting, browning, cooling",A,true 
Chapter 10,10,556,Baking,Describe the 3 Qualities of a Standard Sponge cake.,"Moist, Soft, Rich.","Light, Soft, Dry.","Light, Springy, Sweet","Moist, Springy, Rich",C,true 
Chapter 10,10,555,"Baking, Lipids",Contrast the disadvantages of hydrogenated vegetable shortening and chlorinated flour.,Shortening has a distinctive taste that some may dislike and flour doesn't have the flavor that butter does.,Shortening doesn't have the flavor that butter does and flour has a distinctive taste that some may dislike.,Shortening doesn't melt as easily as butter and flour produces more clumps than non-chlorinated flour.,Shortening is not as healthy as butter and flour produces weaker starch gels.,B,true 
Chapter 10,,556,"Baking, Flour",Summarize the controversy surrounding utilization of chlorinated flour.,Chlorinated flour has a specific taste that isn't pleasing to most chefs and bakers.,Chlorinated flour can be tempered by heat treatment.,Hydrogenated shortening contains serious levels of trans fatty acids.,The safety of chlorinated flour has yet to be proven and so the European Union and United Kingdom have forbade its use.,D,true 
Chapter 10,10,554,Baking,Distinguish what a cake's structure is created mainly by?,Flour starch and by egg proteins,Flour starch and sugar crystals,Egg proteins and sugar crystals,Egg proteins and butter fat,A,true 
Chapter 10,10,554,"Baking, pH","Solid ingredients folded into bread and muffin batters turn disconcerting colors, describe why this occurs?",Alkaline batters don_验t cause their colors to change,The anthocyanin and related pigments  are sensitive to pH and their normal surroundings are acidic,They stale quickly because the small proportion of fat is dispersed unevenly by minimal mixing and can_验t protect much starch,When you dampen solids they release their colors.,B,true 
Chapter 10,10,554,"Baking, pH",Interpret why sometimes solid ingredients turn disconcerting colors.,The solid ingredients were not cut into small enough pieces and cause oxygen to create inconsistent temperatures and the ingredients did not fully combine with the mix.,"The mix contains too much baking soda, the mix was not fully folded or the ingredients are sensitive to the PH levels.",The temperature of the oven was set too high which didn't allow the fats to form air bubbles causing discoloration from uncombined fats.,All of the above,B,true 
Chapter 10,10,556,"Baking, Lipids",The moistening and tenderizing effects of fat in baking can be imitated and described by?,"Zucchinis, Celery, and potatoes","apple, apricot and pear purees","Splenda, Stevia, Equal","Apple, Cucumbers and Splenda",A,true 
Chapter 10,10,557,"Baking, Carbohydrates",Describe the importance of using sugar when making cake.,To tenderize,To provide moisture,To incorporate air,For expansion,C,true 
Chapter 10,10,554,Baking,Summarize the three stages of baking a cake.,"expansion, where the cake expands at full volume. Setting, where the batter is set into its permanent shape, and browning where batter solidification is completed and flavor enhancing browning reactions take place","mixing, where the ingredients are combined together and chemical reactions take place. expansion, where the cake expands at full volume , and baking where the cake is solidified","setting, where the batter is set into permanent shape. baking, where the cake solidifies into its final shape, and browning where flavor enhancing reactions take place","expansion, where the cake expands at full volume. setting, where the batter is set into permanent shape, and cooling where the cake is left to cool and solidify",A,true 
Chapter 10,10,560,Baking,Describe what happens to a cake if you add to much sugar and fat?,"They weaken the cake, causing the cake structure causing it to collapse.",The sugar causes the cake to expand and balloon up causing it to pop.,The cake comes out to sweet making it hard to eat.,"Nothing happens to the cake, it comes out perfectly fine.",A,true 
Chapter 10,10,559,Baking,Summarize why a dull metal pan would cook a cake faster than a shiny one.,The dull one has had more exposure to baking previously which makes it a perfect fit for any occasion.,"Bright surfaces reflect radiant heat, transmit heat poorly to the food they contain, and slow the baking process.","Dull surfaces reflect radiant heat, transmit heat poorly to the food they contain, slow the baking process.","The molecules break down more easily in a dull pan, as there is no push back from the pan material as there is in shiny ones.",B,true 
Chapter 10,10,554,"Baking, pH",Describe what an excess amount of baking soda does to berries and nuts in a mixture.,The nuts will turn blue and the different berries will turn green,The nuts and berries will disintegrate in the oven,The nuts and berries become mushy and bitter,The nuts and berries don't change in consistency,A,true 
Chapter 10,10,554,"Baking, pH","Describe what causes some blueberries, carrots or sunflower seeds to turn green when making bread of muffins.",When there is more sugar and fat than flour in the mixture,"When there is too much baking soda, or when the mixture is not evenly mixed","When there is not an equal mixture of flour, eggs, butter and sugar",When the mixture does incorporate air bubbles,B,true 
Chapter 10,10,556,Baking,What baking product was outlawed by the European Union and the United Kingdom?,Chiffon,Corn Starch,Low-Protein Pastry,Chlorinated Flour,D,true 
Chapter 10,10,558,Baking,Summarize why the way/technique batters for cakes are mixed is important.,"Cake mixing incorporates air bubbles into the mix, which can make the cake taste bad.","Cake mixing involves mixing dry and wet ingredients, which is a tricky task","Cake mixing incorporates air bubbles into the mixture, strongly influencing the final texture of the cake.",None of the above answers are correct.,C,true 
Chapter 10,10,556,Baking,Associate the following with biscuits.,"Moist, Soft, Rich","Moist, springy, very sweet","Light, Springy, Dry","Light, Springy, very sweet",C,true 
Chapter 10,10,558,Baking,Describe why cake bakers use low-protein pastry or cake flowers when baking.,Reduces the amount calories in the cake,Minimizes toughening that comes from gluten formation,Reduces the amount of gluten that is formed,All of the above,B,true 
Chapter 10,10,558,"Baking, Cakes",Describe the second stage of the cake baking process.,The cake is now set in its permanent shape,The cake is now expanding to its fullest volume,The batter solidification process is now complete and the cake is ready for cooling,"This stage involves ""probing"" the cake at its center with a toothpick or wire cake tester",A,true 
Chapter 10,10,558,"Baking, Cakes",Distinguish the three stages of cake baking?,"expansion, setting, cooling","heating, rising, resting","expansion, setting, browning","rising, expansion, browning",C,true 
Chapter 10,10,559,"Baking, Food Science",Describe what recipes work well at sea level but not at high altitudes.,Lasagna,Eggs,Cookies,Cakes,D,true 
Chapter 10,10,558,"Baking, Lipids",Describe the most important role fat plays in the texture of a cake.,It makes the cake taste much better,It creates large pockets of unbaked cake,It holds small air bubbles creating a light airy texture,It holds no air allowing a cake to be thick and dense,C,true 
Chapter 10,10,556,"Baking, Lipids",Describe what happens when baking with animal fat.,Forms large fat crystals that collect large air bubbles that escape the cake,Forms small fat crystals that collect small air bubbles that stay in the cake,Forms small fat crystals that collect small air bubbles and stay in the cake,Forms large fat crystals that collect small air bubbles that escape the cake,A,true 
Chapter 10,10,557,Baking,Describe the process of aerating cakes with fat and sugar.,Ingredients are stirred together with minimal incorporation of air,"Flour, eggs, sugar, and shortening are all beaten together","Sugar is beaten into butter and shortening, with other ingredients being folded in afterwards","Sugar is beaten with whole eggs or egg yolks, with other ingredients being folded in afterwards",C,true 
Chapter 10,10,556,"Baking, Cakes",Summarize the general structure of a cake.,"Eggs, sugar, milk and butter/shortening.","Eggs, sugar, water and butter/shortening.","Eggs, flour, milk and butter/shortening.","Eggs, flour, water and butter/shortening.",B,true 
Chapter 10,10,558,"Baking, Cakes",Describe which of the following is not a part of cake baking?,Heating,Expansion,Browning,Setting,A,true 
Chapter 15,15,4,Food Science,List the 4 molecules that most foods made of.,"Water, proteins, carbohydrates, and fats.","Water, sugars, fats, carbs.","Carbs, fats, vitamins, protein","Carbs, antioxidants, protein, and fats",A,true 
Chapter 15,15,792,"Food Science, Molecules",Classify which basic food molecule is the major component of nearly all foods.,Proteins,Water,"Fats, Oils, and Relative: Lipids",Carbohydrates,B,true 
Chapter 15,15,805,"Food Science, Molecules","Complete the following statement to make it true: ""Carbohydrates and fats are mainly passive forms of stored energy, or structural materials. But __________ are the active machinery of life.""",Lipids,Sugars,Proteins,Energizers,C,true 
Chapter 15,15,797,"Food Science, Lipids",Complete this sentence. Liquids do not mix with water because liquids are _____ and water is _____.,"polar, polar","nonpolar, nonpolar","polar, nonpolar,","nonpolar, polar",D,true 
Chapter 15,15,794,"Food Science, Molecules",Apply your knowledge of the 4 major food molecules: Which molecule is the trickiest and least stable in which condition?,Protein exposed to heat.,Water exposed to cold.,Oil/fats exposed to water.,Carbohydrates exposed to water.,A,true 
Chapter 15,15,801,Food Science,Illustrate the process of hydrogenation.,"Boiling a poly-unsaturated fat to separate the molecules, producing a mono-unsaturated fat.",Crystallizing the carbon molecules to create a fat with a lower melting point.,Extracting the trans-fat from the saturated fat molecule.,Artificially saturate the unsaturated fatty acids by absorbing hydrogen from a nickel catalyst.,D,true 
Chapter 15,15,795,"Food Science, Energy",Apply the process that explains why it takes 10 times the energy to heat an ounce of water 1_ as it does to heat an ounce of iron 1_.,hydrogen bonding,vaporization,proton concentration,concentration of protons,A,true 
Chapter 15,15,805,"Food Science, Proteins",Apply the process of why proteins are the most challenging of all major food molecules.,They are challenging because of their passive forms of stored energy.,They are challenging because of their inactive molecules.,They are challenging because they are the active machinery of life.,They are challenging because there are hardly any changes when exposed to heat.,C,true 
Chapter 15,15,799,"Food Science, Lipids",Illustrate the difference in rancidity between saturated and unsaturated fats.,Unsaturated fats are more stable and slower to become rancid.,Saturated fats are more stable and slower to become rancid.,Both saturated and unsaturated fats become rancid at the same rate.,Rancidity is not based on the fat content.,B,true 
Chapter 15,15,793,"Food Science, Molecules",Complete the water molecule by identifying the atom(s) it is composed of.,"One Hydrogen, Two Carbon","One Hydrogen, One Carbon","Two Hydrogens, One Carbon","Two Hydrogens, One Oxygen",D,true 
Chapter 15,15,805,"Food Science, Proteins",Of all the major food molecules classify the one that are the most challenging and mercurial.,Sugars,Water,Protein,Carbohydrates,C,true 
Chapter 15,15,803,"Food Science, Carbohydrates",Which of the following below is classified as a carbohydrate?,Sugar,Aquafina,Steak,Butter,A,true 
Chapter 15,15,798,"Food Science, Lipids, Molecules","Complete the following sentence: A saturated lipid is one whose carbon chain is saturated (filled to capacity) with hydrogen atoms.  There are no double bonds between carbon atoms, so ____________________.",Each carbon within the chain is bonded to two hydrogen atoms,Each carbon within the chain is bonded to one hydrogen atom,Each carbon within the chain bonded to no hydrogen atoms,Each carbon within the chain is bonded to three hydrogen atoms,A,true 
Chapter 15,15,796,"Food Science, pH",Illustrate the right ordering of the pH rate.,Human Gastric Juice --> Lemon Juice --> Milk --> Yogurt,Lemon Juice --> Milk --> Human Gastric Juice --> Yogurt,Yogurt --> Milk --> Human Gastric Juice --> Lemon Juice,Human Gastric Juice --> Lemon Juice --> Yogurt --> Milk,D,true 
Chapter 15,15,799,"Food Science, Lipids","Examine the difference between unsaturated and polyunsaturated fats, giving the BEST answer to the question.",Unsaturated has more bonds than polyunsaturated.,olyunsaturated has more bonds than unsaturated.,Polyunsaturated is a fat molecule with more than one double bond.,Unsaturated is a fat molecule with more than one double bond.,C,true 
Chapter 15,15,794,Food Science,"Apply the correct term to the function that causes water to become ice, and ice to eventually become water.",Dissolution,Transformation,Vaporization,Hydrogen Bonding,B,true 
Chapter 15,15,808,Food Science,Whether or not a protein is soluble in water depends on:,"How many protons are bound to the nucleus, and if any electrons are nearby.","The bond strength between molecules, and on whether or not water can separate the molecules from each other by hydrogen bonding.",If the enzymatic activity is high enough to allow distribution in water.,How much you shake your work out bottle.,B,true 
Chapter 15,15,809,Food Science,Classify why enzymes are so important to people when they cook.,Direct contribution to the food texture and consistency,"They change other components of the food and because food contains enzymes that once did important work for the plant or animal when it was alive. Yet, it cannot harm the food by changing color, texture, taste and nutrition",It slows down the growth of spoilage microbes and the food own enzymes,The reactivity of most chemicals increase with the increasing of temperature,B,true 
Chapter 15,15,802,Food Science,Classify lecithin as one of the four basic food molecules.,Water.,Proteins.,Carbohydrates.,Fats and Oils.,D,true 
Chapter 15,15,798,Food Science,"What is the term ""saturated"" referring to when saturated fats (lipids) are discussed.",A saturated fat has a maximum amount of carbon atoms which form bonds between the atoms.,A saturated lipids carbon chains are filled to capacity with hydrogen atoms there are no double bonds between carbon atoms.,"The term saturated is used to describe lipids in solid form only, not liquid form.",Saturated lipids permeate whatever other food molecules they encounter during cooking.,B,true 
Chapter 15,15,797,Food Science,Examine the relationship between lipids and water.,They mix together well,Lipids are largely compatible with water,They basically have the same structure,Lipids form boundaries between watery cells,D,true 
Chapter 15,15,793,Food Science,Complete this sentence water has how many atoms?,10,5,3,2,C,true 
Chapter 15,15,793,Food Science,Classify water molecule in terms of its chemical polarity.,Polar,Nonpolar,Ionic,Dipolar,A,true 
Chapter 15,15,792,Food Science,"Complete the four basic food molecules, proteins, carbohydrates, fats and ______.",oxygen,air,water,dairy,C,true 
Chapter 15,15,793,Food Science,How much percent of our body is water?,60%,70%,75%,95%,A,true 
Chapter 15,15,809,Food Science,"Which group of proteins can change the color, texture, taste, or nutrition of the food?",Amino acids,Enzymes,Peptides,Denaturation,B,true 
Chapter 15,15,801,Food Science,Examine hydrogenation of unsaturated fats.,Hydrogen atoms are artificially added to unsaturated fats,Hydrogen atoms are artificially removed from unsaturated fats.,Hydrogen and oxygen atoms are artificially added to unsaturated fats.,None of the above,A,true 
Chapter 15,15,802,Food Science,Classify the types of emulsifiers.,"Hydrogenation, Physpholipids, Polysaccharides","Polysaccharides, Hydrogenation, Monoglycerides","Physpholipids, Polysaccharides, Oligosaccharides","Physpholipids, Lecithin, Monoglycerides",D,true 
Chapter 15,15,794,Food Science,Finish the sentence.  Water _____________.,Contracts after it freezes,Stays the same after it freezes,Expands after it freezes,Depends on how cold the air is,C,true 
Chapter 15,15,793,"Food Science, Emulsions",What is water made up of?,H20,H20 and nitrogen,"H20, hydrogen, and oxygen","H20, hydrogen, and nitrogen",C,true 
Chapter 15,15,797,"Food Science, Lipids",Please classify which chemical family oils and fats belong to.,Liquids,Lipids,Aminos,Protiens,B,true 
Chapter 15,15,795,"Food Science, Energy",Examine the following statements about water and heat.  Select the false statement.,Water heats up faster than oil.,Oil heats up faster than water.,Water stays hot longer than oil.,Water absorbs a lot of energy before its temperature rises.,A,true 
Chapter 15,15,800,"Food Science, Meat",Illustrate why beef has a longer shelf life than chicken.,It has more saturated fatty acids than chicken.,It has more unsaturated fatty acids than chicken.,Beef does not have a longer shelf life than chicken.,It has more monounsaturated fatty acids than chicken.,A,true 
Chapter 15,15,793,"Food Science, Water",Apply the readings and identify the most significant statement about water.,Water is the critical component in most foods.,What molecules is water composed of? List them.,Water molecules are electrically unsymmetrical,Our bodies are totally composed of water.,A,true 
Chapter 15,15,796,"Food Science, Lipids",What is NOT a reason fats and oils are invaluable in the kitchen?,They provide flavor and a pleasurable and persistent smoothness,They tenderize many foods by permeating and weakening their structures,"They're a cooking medium that allow us to heat foods well above the boiling point of water, drying out the surface to produce a crisp texture and rich flavo",They have a unique taste that some people refer to as umami,D,true 
Chapter 15,15,803,"Food Science, Carbohydrates",What classifies carbohydrates?,Carbon,Carbon and cold water,"Carbon, hydrogen, and oxygen atoms",Carbon and oil,C,true 
Chapter 15,15,793,"Food Science, Molecules","Complete the sentence: In a hydrogen bond, hydrogen molecules like to _____?",Split in two,Repel from each other,Break apart,Attract each other,D,true 
Chapter 15,15,796,"Food Science, pH",Apply the information from this section to show which solution has a proton-accepting PH level.,Lemon Juice,Baking soda in water,Orange Juice,Milk,B,true 
Chapter 15,15,792,"Food Science, Molecules","Complete the sentence: ""The four basic food molecules consists of water, fats and oils, carbohydrates, and _______.""",sugars and starches,lipids and liquids,proteins,amino acids and polymers,C,true 
Chapter 15,15,797,"Food Science, Lipids",Classify a lipid.,Protein,Water,Fats and Oils,Carbohydrates,C,true 
Chapter 15,15,793,"Food Science, Water",Examine why water clings to itself.,"The motion in each body of water is strong enough to break hydrogen bonds, so they must constantly keep bonding and re-bonding.","The atoms in each molecule of water are chemically attracted to other H2O atoms, and thus cling to each other in order to form greater bonds and bodies of water.","Each water molecule has a positive and negative end, hydrogen being the positive end, and oxygen being the negative one. The positive ends from one molecule attract to the negative ends of another, and vise versa.","Polarity does not exist within H2O molecules, thus they are free to bind with each other and feel very compelled to do so, as without polarity there is no limit to how many other molecules they can bind to.",C,true 
Chapter 15,15,801,"Food Science, Lipids",How do melting points apply to fats.,"Fats don't have a specific melting point, instead they melt over a broad temperature range",Each fat has a different melting point that is specific to the molecules that are within the fat,Fats start to melt at room temperature despite the molecule makeup of the fat,"Fats are like sugar, where rather than melting they dissolve within a liquid, meaning there is no melting point.",A,true 
Chapter 15,15,795,"Food Science, Energy",What is specific heat?,The amount of condensed  water absorbs with a rise in elevation,The amount of energy required to raise its temperature by a given amount,The strong effects on how water absorbs and transmits heat,Conversion of water vapor into controlled temperature heat,B,true 
Chapter 15,15,797,"Food Science, Lipids, Molecules",Complete the following sentence: Fats and oils are a part of the large chemical family called the ________.,Lipids,Trans fatty acids,Ruminants,Emulsifiers,A,true 
Chapter 15,15,794,"Food Science, Molecules","When introduced to proteins and carbohydrates molecules, water will:",surround and separate the molecules,destroy the molecules,Move away from the molecules,Expand the molecules,A,true 
Chapter 15,15,796,"Food Science, pH",Calculate the pH level of lemon juice.,5,5.1,2.1,8.4,C,true 
Chapter 15,15,806,"Food Science, Molecules","Classify the following description to the closest of the four basic food molecules: This particular contributor participates in the browning process that generates flavor at high cooking temperatures additionally, these provide either a sweet or bitter flavor.",Hemicelluloses and Pectic Substances,Inulin,Amino Acids and Peptides,Trans Fatty Acids,C,true 
Chapter 15,15,805,"Food Science, Proteins",Solve which major food molecule is the most challenging and mercurial.,Sugar,Protein,Carbohydrates,Fats,B,true 
Chapter 15,15,793,"Food Science, Water",Please complete this sentence.  _______ is our most familiar chemical companion.,Water,Oxygen,Fat,Protein,B,true 
Chapter 15,15,804,"Food Science, Molecules",Which polymers compose polysaccharides?,Protein,Fat,Sugar,Enzyme,C,true 
Chapter 15,15,795,"Food Science, Water, Energy",Illustrate what needs to happen for water to boil.,Energy must break down the carbon bonds,energy must break the hydrogen bonds so that the molecules are free to move faster,energy must break down the oxygen bonds,energy must build up hydrogen bonds to clump together so the molecules move slower,B,true 
Chapter 15,15,809,"Food Science, Proteins","Apply your knowledge about enzymes: Why is it important to heat food quickly, rather than slowly when thinking about countering the actions of enzymes if one does not want the action of the enzyme to break down their food?","Cooking food in such a way that it heats up rapidly minimizes the time in which the enzyme reaches its point of denaturation, thereby minimizing the possibility of the enzyme's reaction having destructive results on the food.","Cooking food in such a way that it heats up rapidly maximizes the time in which the enzyme reaches its point of denaturation, thereby maximizing the possibility of the enzyme's reaction having destructive results on the food.","Cooking food and heating it rapidly to account for the effects of enzymes is unnecessary, and is not a fact that should be accounted for in the cooking process.",Cooking food and heating it so that the temperature change is gradual is only something that needs to be accounted for if one is tenderizing meat.,A,true 
Chapter 15,15,795,"Food Science, Energy",Demonstrate the relationship between heat and time in the following example: Judy is running late for work. She wants to cook something up fast! Which choice makes the most sense for Judy?,Judy should boil and egg in water.,Judy should make instant Mac and cheese (involving water boiling),Judy should cook an egg on an iron pan,Judy should cook a steak on an iron pan,C,true 
Chapter 15,15,792,"Food Science, Molecules",Identify the four basic food molecules.,"water, minerals, eggs, vitamins","milk, meat, water, butter","chicken, beef, pork, fish","water, fats & oils, carbohydrates, proteins",D,true 
Measurement Appendix,17,2,Measurement,Describe why is weight more accurate for measuring.,It is easier and faster for chefs to measure by weight.,Weight leaves less room for error and is more precise.,Its personal preference.,Volume is just as effective and accurate.,B,true 
Measurement Appendix,17,3,Measurement,Identify how recipes written from home cooks defers from professional cooks.,Home cooks rely on volume for measurement,Professional cooks rely on volume for measurement,Home cooks rely on weight for measurement,They both rely on volume for measurement,A,true 
Measurement Appendix,17,3,Measurement,Identify the most accurate way of measuring.,Fill a tablespoon with liquid,Use a liquid measuring cup for a cup of flour,Using a measuring spoon to add salt,Weighing each ingredient,D,true 
Measurement Appendix,17,4,Measurement,Describe the most accurate way to measure.,"Using the correct measuring cups for liquids (clear, with pour spouts) and the correct measuring cups for dry ingredients (long handles, flat tops).","Using the ""dip and sweep"" method (dry), and getting down to eye level (liquids).",Using the metric system rather than traditional or imperial method of measurement.,Using a scale.,D,true 
Measurement Appendix,17,2,Measurement,Identify what most modern cooks don't comprehend.,How they Measure is as important as the act of measuring.,Measuring is most effective when done in metric.,Measuring should be done with measuring utensils.,How they measure isn't as important as the fact that they try to measure.,A,true 
Measurement Appendix,17,2,Measurement,Tell what cooks in the kitchen did before standardized measurements.,They used their best guess and would reattempt if failed,They kept it simple and hardly used ingredients that required measuring,They learned from someone else and stuck to the same recipes,They used their best guess and accepted the outcome,C,true 
Measurement Appendix,17,4,Measurement,Describe the difference between dry and liquid measuring cups.,There is no difference between the two. Both are relatively accurate.,Dry measuring cups have flat tops to sweep off excess. Wet measuring cups have lines below the brim.,Wet measuring cups have flat tops to make for accurate measuring. Dry measuring cups have handles and clear glass for accurate readings.,The differences are based on a combination of style and personal preferences.,B,true 
Measurement Appendix,17,2,Measurement,Describe the difference between recipes written for home cooks versus for professional cooks.,Home cook recipes are easier to understand,Professional recipes utilize a weighted measurement,Ingredients in professional recipes are higher quality,Home cook recipes serve a small amount of people,B,true 
Measurement Appendix,17,2,Measurement,Identify the woman who suggested that the readers of her cookbook purchase true measuring cups.,Betty Crocker,Julia Child,Martha Stuart,Fannie Farmer,D,true 
Measurement Appendix,17,3,Measurement,Identify the measurement system used by chefs outside of the United States.,Kelvin,Metric,Ounces,Standard,B,true 
Measurement Appendix,17,2,Measurement,"Who is the writer of the the book ""The Boston Cooking School Cook Book"" in 1896?",Fannie Lou Hammer,Thomas Jefferson,George Washington,Fannie Merritt Farmer,D,true 
Measurement Appendix,17,4,Measurement,Identity the proper technique for measuring dry and liquid ingredients,Sink and Dink,Scoop and Level,Fill and Pour,Dip and Sweep,D,true 
Measurement Appendix,17,4,Measurement,Identify which of following measuring cups standard is not a common measure standard.,1/5 cup,1/4 cup,1/3 cup,1 cup,A,true 
Measurement Appendix,17,3,Measurement,Describe why professionals prefer measuring in weight vs. volume.,It's easier for people to understand.,Weight provides no chance for operational error.,Volume does not provide and accurate representation of the amount.,Weight is used most commonly among everyday cooks.,B,true 
Measurement Appendix,17,4,Measurement,"Name the type of measuring apparatus generally made of metal or plastic, and has long handles and flat tops which make sweeping off excess material easier.",Measuring Spoons,Liquid Measuring Cups.,Dry Measuring Cups.,Highball Cups.,C,true 
Measurement Appendix,17,4,Measurement,"When measuring dry foods, which measuring tool do you have to use for the best results?",Liquid Measuring Cups,Dry Measuring Cups,Dry Measuring Cups and Measuring Spoons,All of the above,C,true 
Measurement Appendix,17,3,Measurement,Cooks using recipies in different countries should be aware because ___________.,Key ingredients do not always taste and feel the same. A flour mill in the United states might feel a little different from the flour mill in the United Kingdom.,Ingredients in different regions have different vitamins and proteins.,Both A and B,None of these,A,true 
Measurement Appendix,17,3,Measurement,Tell one reason why professionals prefer weight to volume when measuring ingredients.,To avoid the variance that comes with different methods of measuring volume.,Weight is easier to judge than volume if one does not have measuring tools.,Standardized measures for weights have been around since long before standardized measures for volume.,Cooking times are easier to estimate for weights than volumes.,A,true 
Measurement Appendix,17,4,Measurement,Tabulate the total volume in cup measurements of 8 tablespoons of flour.,1/4 cup flour,1/2 cup flour,1/3 cup flour,1/8 cup flour,B,true 
Measurement Appendix,17,4,Measurement,One tablespoon is equal to _______.,1/3 of a cup,2 cups,6 teaspoons,3 teaspoons,D,true 
Measurement Appendix,17,3,Measurement,Identify the more precise way of measuring.,By volume,By spoons,By weight,By cups,C,true 
Measurement Appendix,17,4,Measurement,Identify the techniques used in measuring dry ingredients.,fill and swoosh,pack and push,dip and sweep,dip and shake,C,true 
Measurement Appendix,17,3,Measurement,Label how many ounces one cup of flour is.,3 ounces.,2 ounces.,5 ounces.,7 ounces.,C,true 
Measurement Appendix,17,4,Measurement,Identify the proper technique for measuring liquids.,use a clear measuring cup. looking from above to determine where the liquid hits the closest line,"using dry measuring cups, carefully add as much liquid to the cup until it's just about to overflow.",use a clear measuring cup. looking at eye level use the lowest point of the liquid to determine the correct amount.,Any measuring cup will do. It's ok to eyeball liquids,C,true 
Measurement Appendix,17,4,Measurement,Identify the correct conversion.,"1Tablespoon=3 Teaspoon, 4 Tablespoons=1/4 cup","1Tablespoon=4 Teaspoon, 4 Tablespoons=1/3 cup","1Tablespoon=2 Teaspoon, 2 Tablespoons=1/2 cup","1Tablespoon=2 Teaspoon, 4 Tablespoons=1/4 cup",A,true 
Measurement Appendix,17,4,Measurement,It's difficult to accurately measure dry ingredients in a liquid measuring cup because ___________.,Liquid measuring cups are not glass,1 cup of dry ingredient is different than 1 cup of liquid ingredient,"Because the cook cannot ""dip and sweep""",It is not more difficult.,C,true 
Measurement Appendix,17,3,Measurement,Describe why the dip-and-sweep method of measuring is inaccurate.,The measuring cups sizes are different.,"Dips can be hard or gentle, resulting in inaccuracies.",Dip-and-sweep measures in weight.,It is accurate.,,true 
Measurement Appendix,17,4,Measurement,Identify how many tablespoons equals a 1/4  cup.,3 tablespoons = 1/4 cup,4 tablespoons = 1/4 cup,5 tablespoons = 1/4 cup,6 tablespoons = 1/4 cup,B,true 
Measurement Appendix,17,4,Measurement,Describe the process involved on measuring dry ingredients (with measuring cups).,Set the measuring cup on a level surface and add the ingredient until the level mark.,Dip the measuring cup into the container and shake away the excess.,Place the measuring cup on top of a level surface and pour the amount of ingredient needed into the cup.,Dip the dry measuring cup into the container and sweep away the excess with a straight edge.,D,true 
Measurement Appendix,17,2,Measurement,Who wrote a book that marked a watershed moment in American cooking?,Fannie Farmer,Julia Child,Harold Mcgee.,Rachel Ray,A,true 
Measurement Appendix,17,3,Measurement,Describe why the amount of an ingredient in a dry measuring cup can vary even when filled to the top using the same method every time?,The measuring cup changes shape because of the weight of the ingredient,The amount of the ingredient doesn't vary,The amount measured was done so incorrectly,The amount varies with how forcefully it is packed into the cup,D,true 
Measurement Appendix,17,4,Measurement,Name a form that is more accurate for measuring.,Volume,Weight,Length,Height,B,true 
Measurement Appendix,17,3,Measurement,Identify how recipes for home cooks are measured in?,Volume,Weight,Temperature,Acidity,B,true 
Measurement Appendix,17,1,Measurement,"Who said ""correct measurements are absolutely necessary to insure the best results""?",Harold McGee,Fannie Merritt Farmer,Peter Barham,Weitz Weitz,B,true 
Measurement Appendix,17,3,Measurement,"When are measurements of volume (teaspoons, tablespoons, cups) commonly used?",when recipes are written for professionals,when food manufactures make food in mass quantities,when recipes are written for restaurants,when recipes are written for home cooks,D,true 
Measurement Appendix,17,3,Measurement,Examine why professional chefs might prefer weight to volume when measuring ingredients.,Weight allows for a more precise purchase in the grocery store.,Weight is more accurate and controllable than volume.,"Volume is more useful when measuring liquids, not solids.",Volume is less accurate than weight because one can't measure it as easily.,B,true 
Measurement Appendix,17,3,Measurement,"Describe the ""Dip and Sweep"" Method.",The dip and sweep method is when you dip a cup into flour or sugar and take the excess ingredient with a spatula or knife,The dip and sweep method is when you dip a cup into flour or sugar and pack it tightly into the measure cup,The dip and sweep method is when you dip a cup into flour or sugar and then use a sweeping motion to pour it out of the cup,The dip and sweep method is when you dip a cup into flour or sugar and use your hand to sweep the excess ingredient off,A,true 
Measurement Appendix,17,3,Measurement,Define what tool and which device someone at home would use to collect 1/4 cup of flour.,Kitchen scale and spooning a little at a time on the scale,1/4 C. liquid measuring cup and the dip-and-sweep method,1/4 c. dry measuring cup and the dip-and-sweep method,1/4 of a cup from the cupboard and eyeing it,C,true 
Measurement Appendix,17,3,Measurement,"Describe how recipes for ""home cooks"" might differ from recipes created for professional use:",They are more specific and highly technical,Measurements for ingredients are listed in imperial (US) measuring systems for home cooks but in metric measurements for professionals.,"Measurements account for professional equipment for professionals and are adjusted for ""home"" equipment for home cooks.",Measurements for ingredients are listed in volumes for home cooks and weights for professional use.,D,true 
Measurement Appendix,17,4,Measurement,Identify the measuring tool that is typically glass with a pouring spout.,Drying measuring cup,Liquid measuring cup,Measuring spoon,Tin cup,B,true 
Measurement Appendix,17,3,Measurement,Identify which answer shows the correct weight of one cup of cake flour.,10 ounces,5 ounces,2 ounces,7 ounces,B,true 
Measurement Appendix,17,4,Measurement,List the 3 sets of measuring tool you should keep on hand for accurately measuring while cooking.,"Dry cups, liquid cups, and dry spoons","Liquid spoons, dry cups, and dry spoons","Dry cups, a scale, and liquid cups","A scale, dry cups, dry spoons",A,true 
Measurement Appendix,17,3,Measurement,Identify what method professional cooks use to measure ingredients.,Volume,Weight,Feel,Looks,A,true 
Measurement Appendix,17,4,Measurement,Describe the best way to measure a solid.,dip the measuring cup and sweep off the excess,dip the measuring cup and shake off the excess,scoop with your hands,just pour as much as you feel is necessary,A,true 
Measurement Appendix,17,3,Measurement,Describe why professionals usually list ingredients by weight.,Weight offers no chance of error. 8 ounces = 8 ounces always,They do not like to use measuring cups,It depends where they are around the world,Weight it easier to read than amount of cups,A,true 
Measurement Appendix,17,2,Measurement,When did cooking instructions begin to include standardized units of measurement?,The 17th Century,The 18th Century,The 19th Century,The 20th Century,D,true 
Measurement Appendix,17,1,Measurement,"Who wrote ""The Boston Cooking-School Book"" in 1896?",Betty Crocker,Aunt Jemimah,Fannie Farmer,Julia Child,C,true 
Measurement Appendix,17,4,Measurement,Explain the differences between solids and gases.,"Solids are immobilized neurons and protons that are tight to each other in well definded structures, while gases are molecules that separate and move freely in the air.","Solids are immobilized atoms and molecules that are tight to each other in well-definded structures, while gases are molecules that separate and move freely in the air.","Solids are closely packed together molecules, while gases are molecules leaving a fixed structure","Solids are closely packed together molecules, while gases are molecules that remain in a fixed structure.",B,true 